ID_Enseignant,Nom,Departement,Emploi_Du_Temps
1,Dorothy Anderson,lose,Foot hair who smile.
2,Gail Moss,cost,Data new final individual major popular say.
3,Lori Holland,stop,Despite space face walk number end effect.
4,Jesse Gardner,course,Particularly rise Congress land station team keep.
5,Robert Durham,we,Number key class former.
6,Jessica Kelly,hard,Life money marriage both make time force often.
7,Steven Morales,media,Watch million candidate agreement push will care.
8,Craig Hammond,majority,However so television nature community third.
9,Allison Gilbert,full,Set major specific rather letter.
10,Richard Stuart,ever,Media notice glass decision science relate head.
11,Mark Mcpherson,skin,Group door movement under sometimes two so.
12,Joseph Cruz Jr.,him,Dark everything few.
13,Suzanne Wagner,or,Population spring talk off body at.
14,Brittany Flowers,product,West the now up.
15,Kenneth Snyder,exactly,Age chance officer single.
16,Rachel Patel,member,See professional begin current everyone test memory arm.
17,April Schneider,central,Treatment office yeah bar rather.
18,Rebecca Wood,hundred,Behavior whose certain any character charge debate.
19,Sonya Alvarado,clear,Term under whether improve.
20,Nicole Price,travel,Apply paper second become.
21,Evelyn Bryant,own,Him bit tree among.
22,Michael Jackson,year,Return land rich product understand service usually cup.
23,Casey Francis,alone,Section degree family court herself decade add condition.
24,Debra White,gas,Since billion share example beyond.
25,Julia Long,change,Age next house modern two.
26,Ronald Carr,present,Office force care.
27,David Lynn,believe,Expert can style option red happen whose return.
28,Nancy Bradford,much,Special save ability us.
29,Sandra Walker,technology,Other campaign reason market admit best why.
30,Kimberly Valenzuela,stand,Center course very near.
31,Ashley Sullivan,top,Happen film under deep agree walk thousand.
32,Michael Moon,relationship,Agent wrong us institution.
33,Philip Bowen,site,Pass look newspaper everyone coach people.
34,Cassandra Landry,long,Responsibility who issue technology against direction.
35,Wayne Jackson,idea,Team most war blood.
36,Connie Neal,we,End tell still range politics develop.
37,Lawrence Parks,really,Allow around admit guy toward.
38,Scott Ayers,once,North shoulder later institution skin performance he.
39,Michael Wood,effect,Quality your head interesting common early look blood.
40,Matthew Stone,show,Left able analysis arrive budget.
41,Tiffany Hansen,blue,But debate south say include discover last.
42,Frank Freeman,including,Shake bed class might name.
43,Samantha Walker,argue,Best risk hand blue or than board.
44,Mark Wilson,often,Region less crime amount laugh east.
45,Kayla Ray,trouble,Republican forward why spend explain wide west.
46,Ashley Olson,court,Feel song company region agent north consider.
47,Mr. Joseph Bush,serious,Teacher put land region other many daughter.
48,Debra Johnson,less,Accept current provide the customer I state.
49,Christine Parker,camera,Two stuff threat join chance good.
50,Jesse Murphy,quite,Modern store record little.
51,Brian Daniel,manager,Arm entire increase.
52,Stephen Roth,continue,Financial form operation sense.
53,Ryan Warren,at,Anything open project buy.
54,Jeffery York,lot,Also see enjoy door should.
55,Tyler Baker,right,Attack resource serious teach piece especially able.
56,Melissa Schneider,dinner,Property remain first common eight.
57,Trevor Sparks,decide,Maybe space father store start upon house paper.
58,Hector Bryant,level,Police possible cup opportunity rate sport him.
59,Theresa Martinez,store,Seek bill traditional western chance machine weight.
60,Kaitlyn Brown,series,Look entire do company focus consumer say.
61,Bonnie Woods,should,Prove organization old treatment yet land address.
62,Carlos Kirk,director,Close issue write produce ago.
63,Selena Bailey,with,Anything leave tough such black improve subject.
64,Chad Rivera,other,Piece produce else.
65,Rhonda Patterson,reality,Want son dog range seem number other.
66,Frederick Mejia,pass,Large chair born wish while room Mr personal.
67,Rebecca Cole,cultural,Until meet spring surface wife.
68,Edwin Jackson,third,Thus fight catch serious later they.
69,George Rogers DDS,with,Miss scene do work win health.
70,Kimberly Morgan,air,Much article agent.
71,Tracey Hogan,gas,Another listen list behavior successful success herself.
72,Micheal Austin,court,Federal idea share property.
73,Carl Rubio,consider,Memory matter stage establish.
74,Tracy Burnett,clear,Outside interest tough character.
75,Gary Taylor,part,Official yourself us local play environment.
76,Sonya Williams,our,Great require else so so interest great analysis.
77,Jacqueline Hall,where,Politics computer exist throw real next four.
78,Crystal Mullen,possible,Government single least something source prove.
79,Shawn Ware,difficult,Consider policy those unit reduce executive.
80,Rebecca Oneill,sit,Heavy national result very investment enter memory charge.
81,Aaron Morgan,its,Activity night bill central wonder green.
82,Damon Schultz,upon,Stay image my by maybe.
83,Catherine Garcia,Congress,Whether single entire hundred recent direction American.
84,Samuel Warren,blood,Case else look wrong send knowledge.
85,Kevin Carney,significant,Attention against strategy become available your both.
86,Jonathan Jefferson DVM,late,Group sense outside spring your.
87,Jerry Walsh,successful,Resource blue degree rest thus.
88,Travis Day,general,Cost eat truth fly memory hundred.
89,Aaron Diaz,really,Travel growth what.
90,Nancy Jackson,too,Many energy pattern investment practice.
91,Daniel Benjamin,pay,Recent event skin indicate suddenly.
92,Renee Thompson,bag,Sense machine treatment section significant camera else.
93,Rose Mclaughlin,push,Of national among must traditional able husband.
94,Arthur Gonzalez,floor,Certainly even kitchen including summer bit difficult.
95,Ryan Smith,eat,Performance try phone water national pattern.
96,Brandon Bennett,on,Pay trip recognize ok recent near find.
97,Brandon Sanchez,oil,High fine throughout bed future end finish.
98,Christopher Robbins,charge,Book party reveal.
99,Alexander Martin,economic,Around reach local guess.
100,Joseph Miller,watch,Threat and box listen institution rock.
